id,name,pagerank,repo_url,computed
11615,requests,664.8998056309119,https://github.com/kennethreitz/requests,False
16704,six,582.9226495384368,https://github.com/benjaminp/six,False
141233,numpy,288.0084032690924,https://github.com/numpy/numpy,False
15261,setuptools,237.71861571494665,https://github.com/pypa/setuptools,False
23927,certifi,226.6195047918928,https://github.com/certifi/python-certifi,False
17819,beautifulsoup4,205.86618602732997,https://git.launchpad.net/beautifulsoup,False
1910748,soupsieve,174.71903776612885,https://github.com/facelessuser/soupsieve,False
26522,click,169.79750970163164,https://github.com/mitsuhiko/click,False
9172,PyYAML,151.91716930830682,https://github.com/yaml/pyyaml,False
5934,pytz,151.1533906363527,https://github.com/stub42/pytz,False
34769,urllib3,140.47911885742633,https://github.com/urllib3/urllib3,False
39463,Django,131.68294958808409,https://github.com/django/django,False
24002,chardet,129.14162228001854,https://github.com/chardet/chardet,False
103755,idna,109.91215049729026,https://github.com/kjd/idna,False
441895,python-dateutil,101.46642682011174,https://github.com/dateutil/dateutil,False
15291,appdirs,82.15330570688502,https://github.com/ActiveState/appdirs,False
145356,packaging,78.35144125541439,https://github.com/pypa/packaging,False
106885,Jinja2,73.74409348568373,https://github.com/pallets/jinja,False
84780,Flask,70.68729842623618,https://github.com/pallets/flask,False
130369,MarkupSafe,69.05499097251759,https://github.com/pallets/markupsafe,False
24004,chardet2,63.48744590112944,https://github.com/byroot/chardet,False
129155,lxml,59.747031040694246,https://github.com/lxml/lxml,False
33595,typing,57.71615274068358,https://github.com/python/typing,False
86248,future,56.784626648772985,https://github.com/PythonCharmers/python-future,False
22697,boto3,51.78322805060701,https://github.com/boto/boto3,False
147503,Pillow,51.56812746750748,https://github.com/python-pillow/Pillow,False
5569,pytest,50.69898255224763,https://github.com/pytest-dev/pytest,False
620,pyparsing,48.90573656397631,https://github.com/pyparsing/pyparsing,False
141698,olefile,45.16529790673143,,False
145503,pandas,42.24720249845504,https://github.com/pandas-dev/pandas,False
80061,attrs,38.69121681843016,https://github.com/python-attrs/attrs,False
35144,cryptography,38.6056715560278,https://github.com/pyca/cryptography,False
31245,colorama,38.20664999733053,https://github.com/tartley/colorama,False
149222,ply,35.8436208109879,,False
19148,SQLAlchemy,35.20290615593498,https://github.com/sqlalchemy/sqlalchemy,False
12716,aiohttp,34.18834418064353,https://github.com/aio-libs/aiohttp,False
73151,enum34,34.086177770542506,https://bitbucket.org/stoneleaf/enum34,False
22699,botocore,31.985254804274096,https://github.com/boto/botocore,False
1320918,typing-extensions,31.14443258953151,https://github.com/python/typing,False
106972,jmespath,30.15965196335438,https://github.com/jmespath/jmespath.py,False
3896,pyserial,29.91726057253654,https://github.com/pyserial/pyserial,False
39716,docopt,29.6751226331521,,False
150172,protobuf,29.652476680214797,,False
37935,decorator,29.58708114308859,https://github.com/micheles/decorator,False
46530,Werkzeug,28.193438883543088,https://github.com/pallets/werkzeug,False
28906,tqdm,26.96907203681532,https://github.com/tqdm/tqdm,False
39426,distribute,26.36947672698824,,False
131620,matplotlib,25.94582077417429,https://github.com/matplotlib/matplotlib,False
10676,redis,25.517458182888056,https://github.com/andymccurdy/redis-py,False
14441,scipy,25.121932344524065,https://github.com/scipy/scipy,False
86253,futures,24.98752994818412,https://github.com/agronholm/pythonfutures,False
16417,simplejson,23.88189078823591,https://github.com/simplejson/simplejson,False
159041,Pygments,23.85361472870024,https://bitbucket.org/birkenfeld/pygments-main,False
15423,argparse,23.80059425211476,https://github.com/ThomasWaldmann/argparse,False
18825,Sphinx,23.756231555314727,https://github.com/sphinx-doc/sphinx,False
146023,pbr,23.30072719010541,https://git.openstack.org/cgit/openstack-dev/pbr/,False
23937,cffi,23.0279792749958,,False
150359,psutil,22.578403910092664,https://github.com/giampaolo/psutil,False
19270,sqlparse,22.350785688722212,https://github.com/andialbrecht/sqlparse,False
155725,pycrypto,22.280167298043217,,False
28752,tornado,21.208350150433493,https://github.com/tornadoweb/tornado,False
108421,jsonschema,21.094013851161872,https://github.com/Julian/jsonschema,False
39736,docutils,20.84401513546618,,False
155687,pycparser,20.600174496021832,https://github.com/eliben/pycparser,False
15616,asyncio,19.91448931192265,,False
130316,Markdown,19.840634785398244,,False
161391,pymongo,19.25779650060553,https://github.com/mongodb/mongo-python-driver,False
689534,bs4,18.902079675749462,,False
14909,selenium,18.7584981873574,https://github.com/SeleniumHQ/selenium,False
565161,aliyun-python-sdk-core,18.67031305485288,https://github.com/aliyun/aliyun-openapi-python-sdk,False
147610,pip,18.56621326719738,,False
155729,pycryptodome,17.937682128584218,,False
693043,s3transfer,17.543089167137982,https://github.com/boto/s3transfer,False
1639922,Adafruit-Blinka,17.346461259340867,https://github.com/adafruit/Adafruit_Blinka,False
140459,networkx,16.143134373727943,https://github.com/networkx/networkx,False
151595,pyasn1,15.949683115516288,https://github.com/etingof/pyasn1,False
160765,PyJWT,15.319555575380232,https://github.com/jpadilla/pyjwt,False
31446,configparser,14.9523149440608,https://github.com/jaraco/configparser,False
39505,djangorestframework,14.577895801899762,https://github.com/encode/django-rest-framework,False
1301564,dataclasses,14.473682265712016,https://github.com/ericvsmith/dataclasses,False
24245,termcolor,14.370199006769884,,False
95176,GitPython,14.142825126870848,https://github.com/gitpython-developers/GitPython,False
614566,zope.interface,13.79900994839881,https://github.com/zopefoundation/zope.interface,False
1596527,importlib-metadata,13.68769712208649,,False
151269,py,12.879101034609963,,False
429429,websocket-client,12.785982417216667,https://github.com/websocket-client/websocket-client,False
21966,tabulate,12.761652664995,https://github.com/astanin/python-tabulate,False
10509,rdflib,12.539480620870131,https://github.com/RDFLib/rdflib,False
487701,grpcio,12.519001601182977,,False
140921,nose,12.377901845855153,https://github.com/nose-devs/nose,False
144424,ordereddict,12.207023230451268,,False
105902,itsdangerous,12.058613245812762,https://github.com/mitsuhiko/itsdangerous,False
161504,PyMySQL,11.900344479833802,https://github.com/PyMySQL/PyMySQL,False
105690,ipython,11.667915190040972,https://github.com/ipython/ipython,False
130398,marshmallow,11.531581115835587,https://github.com/marshmallow-code/marshmallow,False
28652,toml,11.480328737710696,https://github.com/uiri/toml,False
162965,pyOpenSSL,10.97104405782964,https://github.com/pyca/pyopenssl,False
29716,traitlets,10.817057899994852,,False
46602,wheel,10.610334652400262,https://github.com/pypa/wheel,False
134413,mock,10.353718674302032,https://github.com/testing-cabal/mock,False
34523,unittest2,10.096399545338926,,False
472958,public,10.051554275835445,https://github.com/looking-for-a-job/public.py,False
449754,ruamel.yaml,9.911743526742727,https://bitbucket.org/ruamel/yaml,False
34790,URLObject,9.861905398924318,https://github.com/zacharyvoase/urlobject,False
22708,boto,9.7010797703153,https://github.com/boto/boto,False
977882,more-itertools,9.439420324305846,https://github.com/erikrose/more-itertools,False
145631,paramiko,9.427234437019685,https://github.com/paramiko/paramiko,False
32107,Twisted,9.300817548563009,https://github.com/twisted/twisted,False
49830,wrapt,9.254919775224511,https://github.com/GrahamDumpleton/wrapt,False
144234,openpyxl,9.24807924338504,https://bitbucket.org/openpyxl/openpyxl,False
689537,docker,9.228308375972272,https://github.com/docker/docker-py,False
35399,Cython,9.19730104410836,https://github.com/cython/cython,False
147462,pika,9.106749057785423,,False
1699949,publication,9.062873438276128,https://github.com/glyph/publication,False
2078172,jsii,9.000735060399423,,False
1432196,msgpack,8.95891019569962,https://github.com/msgpack/msgpack-python,False
84746,flake8,8.838245941640611,https://gitlab.com/pycqa/flake8,False
97169,greenlet,8.799083888437453,https://github.com/python-greenlet/greenlet,False
15479,arrow,8.795486954584039,https://github.com/crsmithdev/arrow,False
9224,pyzmq,8.680736406343943,,False
739657,multidict,8.636663273544814,https://github.com/aio-libs/multidict,False
10787,regex,8.62818395557297,https://bitbucket.org/mrabarnett/mrab-regex,False
22387,biopython,8.604873520228649,,False
102804,httplib2,8.604692347429625,https://github.com/httplib2/httplib2,False
34468,Unidecode,8.528598690006586,,False
51968,xmltodict,8.42277727301765,https://github.com/martinblech/xmltodict,False
17553,Babel,8.332786406930728,,False
105585,ipaddress,8.324016988399414,https://github.com/phihag/ipaddress,False
31702,trytond,8.310274967665757,https://hg.tryton.org/trytond,False
45834,websockets,8.284643707078743,https://github.com/aaugustin/websockets,False
800546,paho-mqtt,8.271628992963816,,False
624671,pybind11,8.24170804334699,https://github.com/pybind/pybind11,False
478285,requests-oauthlib,8.205879906090045,https://github.com/requests/requests-oauthlib,False
145885,pathlib2,8.197865734182024,https://github.com/mcmtroffaes/pathlib2,False
93156,gevent,8.17895757981707,https://github.com/gevent/gevent,False
140755,nltk,8.021507584440405,,False
436763,google-api-python-client,7.742982419789042,https://github.com/google/google-api-python-client,False
529479,notebook,7.719214314235911,,False
23889,celery,7.703339329189656,https://github.com/celery/celery,False
472412,ipywidgets,7.610545928154893,,False
1771,pyramid,7.461849018041506,,False
86169,funcsigs,7.084361055523478,,False
149853,PrettyTable,7.030381547118124,,False
694713,asgiref,7.017769410705531,https://github.com/django/asgiref,False
490477,python-dotenv,6.986646869324905,https://github.com/theskumar/python-dotenv,False
39318,dill,6.922132150515244,,False
12472,rsa,6.886120827292732,,False
102093,html5lib,6.843239100319259,https://github.com/html5lib/html5lib-python,False
147091,pexpect,6.810383572659805,,False
150446,ptyprocess,6.778113570195681,https://github.com/pexpect/ptyprocess,False
16621,singledispatch,6.720705372500484,,False
1641381,adafruit-circuitpython-busdevice,6.719330702582374,https://github.com/adafruit/Adafruit_CircuitPython_BusDevice,False
487083,pluggy,6.678013610964551,https://github.com/pytest-dev/pluggy,False
108351,jsonpickle,6.674035480380255,,False
130121,Mako,6.67295462796851,https://github.com/sqlalchemy/mako,False
2423101,mypy-boto3,6.654136205240482,https://github.com/vemel/mypy_boto3,False
1089644,torch,6.566323610872495,,False
95047,gitdb,6.560317869706791,https://github.com/gitpython-developers/gitdb,False
12164,robotframework,6.551870367495576,,False
102882,humanfriendly,6.4206698589482745,,False
446504,scikit-learn,6.41335894270178,https://github.com/scikit-learn/scikit-learn,False
550581,backports_abc,6.211544603971339,https://github.com/cython/backports_abc,False
141356,oauth2client,6.200445593461788,https://github.com/google/oauth2client,False
39664,dnspython,6.188747281488013,,False
1346652,google-api-core,6.071045736340306,https://github.com/GoogleCloudPlatform/google-cloud-python,False
141371,oauthlib,5.969008304288523,https://github.com/oauthlib/oauthlib,False
45458,watchdog,5.962923254738357,https://github.com/gorakhargosh/watchdog,False
568472,azure-nspkg,5.953320856470419,https://github.com/Azure/azure-sdk-for-python,False
72712,ecdsa,5.945352208679195,https://github.com/warner/python-ecdsa,False
28691,toolz,5.943601613509832,https://github.com/pytoolz/toolz,False
34969,coverage,5.936353578770561,https://github.com/nedbat/coveragepy,False
146914,peppercorn,5.931083868995484,,False
45537,wcwidth,5.891655943116709,https://github.com/jquast/wcwidth,False
699361,msrest,5.883871546178699,https://github.com/Azure/msrest-for-python,False
33784,ujson,5.824702904559524,,False
33615,tzlocal,5.773283490946654,https://github.com/regebro/tzlocal,False
72887,elasticsearch,5.77257373569771,https://github.com/elastic/elasticsearch-py,False
145881,pathlib,5.670023514030635,,False
82664,feedparser,5.612529671590721,https://github.com/kurtmckee/feedparser,False
500735,requests-toolbelt,5.5355418574536825,,False
50230,xlrd,5.515315986737226,,False
105824,iso8601,5.505841944445251,https://bitbucket.org/micktwomey/pyiso8601,False
726,pyperclip,5.492804409999331,https://github.com/asweigart/pyperclip,False
632736,asn1crypto,5.301386762999356,https://github.com/wbond/asn1crypto,False
136960,mpmath,5.296700190356932,,False
506136,ipython_genutils,5.279587512172167,,False
15915,sh,5.254541473227742,https://github.com/amoffat/sh,False
14526,Scrapy,5.237482068873942,,False
942867,google-auth,5.205808600045527,https://github.com/googleapis/google-auth-library-python,False
109952,keyring,5.1812770149893295,https://github.com/jaraco/keyring,False
937408,gitdb2,5.152421296771315,https://github.com/gitpython-developers/gitdb,False
41594,virtualenv,5.1076006307320565,https://github.com/pypa/virtualenv,False
15898,sgmllib3k,5.088221674460532,,False
539002,azure-common,5.0695479370601335,https://github.com/Azure/azure-sdk-for-python,False
106728,jdcal,5.069448267521371,https://github.com/phn/jdcal,False
2232613,aws-cdk.core,5.011844603240466,https://github.com/aws/aws-cdk,False
36737,validators,4.98297833440156,https://github.com/kvesteri/validators,False
1042689,singer-python,4.974160869419575,,False
31543,contextlib2,4.925318574161021,,False
42023,wagtail,4.921364657118102,,False
21832,sympy,4.914987812875188,,False
31253,coloredlogs,4.889649117282999,,False
2016,pyrsistent,4.875679611317798,https://github.com/tobgu/pyrsistent,False
22704,bottle,4.844588291516578,,False
97090,graphviz,4.785531163433057,https://github.com/xflr6/graphviz,False
244090,atomicwrites,4.767231281168296,https://github.com/untitaker/python-atomicwrites,False
86186,functools32,4.707767962377341,https://github.com/MiCHiLU/python-functools32,False
531863,prompt_toolkit,4.695642681559552,https://github.com/jonathanslenders/python-prompt-toolkit,False
158987,PyGithub,4.675869538844563,https://github.com/pygithub/PyGithub,False
716652,zeep,4.668625083297957,https://github.com/mvantellingen/zeep,False
1875205,zipp,4.627272372006039,https://github.com/jaraco/zipp,False
937395,smmap2,4.624031175769449,https://github.com/gitpython-developers/smmap,False
133693,mkdocs,4.576162054828456,,False
1183926,pydantic,4.564085349359084,https://github.com/samuelcolvin/pydantic,False
15408,argcomplete,4.558944663641933,https://github.com/kislyuk/argcomplete,False
104134,inflection,4.541549009843675,https://github.com/jpvanhal/inflection,False
82988,fire,4.527375331477197,https://github.com/google/python-fire,False
98688,h5py,4.526656144269508,,False
140403,netifaces,4.52410463572779,https://github.com/al45tair/netifaces,False
386910,cached-property,4.505114598708283,https://github.com/pydanny/cached-property,False
452832,msgpack-python,4.45406606167538,,False
45755,WebOb,4.416845255994025,,False
518785,ruamel.ordereddict,4.390677769217011,https://bitbucket.org/ruamel/ordereddict,False
35416,d2to1,4.387459963787185,https://github.com/embray/d2to1,False
37783,DateTime,4.382133699720264,https://github.com/zopefoundation/DateTime,False
904784,async_timeout,4.369732413556201,https://github.com/aio-libs/async_timeout,False
847987,pendulum,4.343966365882807,https://github.com/sdispater/pendulum,False
151344,py4j,4.334068239643238,https://github.com/bartdag/py4j,False
878158,yarl,4.304508954325598,https://github.com/aio-libs/yarl,False
529496,nbformat,4.29760849600688,,False
18872,spidev,4.248583828890696,https://github.com/doceme/py-spidev,False
28876,tox,4.234589175470569,https://github.com/tox-dev/tox,False
903773,google-cloud-core,4.113149291767785,https://github.com/GoogleCloudPlatform/google-cloud-python,False
23611,cachetools,4.111094686981329,https://github.com/tkem/cachetools,False
565613,ipykernel,4.107140749474908,,False
14964,semver,4.103314366323949,https://github.com/k-bx/python-semver,False
136546,monotonic,4.039487351320498,https://github.com/atdt/monotonic,False
17571,backoff,4.008727142610587,https://github.com/litl/backoff,False
31262,colorlog,4.006146708911298,https://github.com/borntyping/python-colorlog,False
15597,astropy,3.986349906408577,,False
18562,sortedcontainers,3.96736401346484,,False
140354,netaddr,3.950359945363899,https://github.com/drkjam/netaddr,False
22521,blinker,3.945588030580452,,False
1037984,lark-parser,3.92349671938282,https://github.com/erezsh/lark,False
8759,pyusb,3.9128217651406887,https://github.com/walac/pyusb,False
682509,backports.ssl_match_hostname,3.890391281229092,https://bitbucket.org/brandon/backports.ssl_match_hostname,False
34839,urwid,3.888394283270463,,False
151534,pyaml,3.8874353939833375,https://github.com/mk-fg/pretty-yaml,False
630894,python-magic,3.8869703436273992,https://github.com/ahupp/python-magic,False
699362,msrestazure,3.7828823330741552,https://github.com/Azure/msrestazure-for-python,False
130340,markerlib,3.757514112427796,https://bitbucket.org/dholth/markerlib,False
678708,googleapis-common-protos,3.753231210689469,https://github.com/googleapis/googleapis,False
529493,nbconvert,3.743489297730308,https://github.com/jupyter/nbconvert,False
149114,plotly,3.7275014318106106,,False
24270,terminaltables,3.639927194282916,https://github.com/Robpol86/terminaltables,False
1228954,tokenize-rt,3.625800566465028,https://github.com/asottile/tokenize-rt,False
526864,django-model-utils,3.6211143406295374,https://github.com/jazzband/django-model-utils,False
816476,smbus2,3.578640748112229,https://github.com/kplindegaard/smbus2,False
511105,python-slugify,3.570050555391339,https://github.com/un33k/python-slugify,False
639353,Flask-SQLAlchemy,3.55384206874038,https://github.com/pallets/flask-sqlalchemy,False
384334,prometheus_client,3.5282833020169515,https://github.com/prometheus/client_python,False
35271,cubicweb,3.509305400942685,,False
385846,RPi.GPIO,3.4542412105991382,,False
80716,falcon,3.4379800223061467,,False
899059,foliant,3.4326484420802443,https://github.com/foliant-docs/docs,False
31439,configobj,3.43112854026258,https://github.com/DiffSK/configobj,False
146249,peewee,3.4302648167061545,https://github.com/coleifer/peewee,False
836942,grpcio-tools,3.398911268295089,,False
157057,pyflakes,3.397058290717228,https://github.com/PyCQA/pyflakes,False
495773,et_xmlfile,3.3965807584549044,https://bitbucket.org/openpyxl/et_xmlfile,False
775846,Adafruit-PureIO,3.378656144160777,https://github.com/adafruit/Adafruit_Python_PureIO,False
105833,isodate,3.375551819793628,https://github.com/gweis/isodate,False
1923350,Adafruit-PlatformDetect,3.300801212002989,https://github.com/adafruit/Adafruit_Python_PlatformDetect,False
524677,antlr4-python3-runtime,3.2998496076535955,,False
386488,slackclient,3.2970245323143894,https://github.com/slackapi/python-slackclient,False
145678,parse,3.2936620731498394,https://github.com/r1chardj0n3s/parse,False
35198,cssselect,3.2923663598332498,https://github.com/scrapy/cssselect,False
1291657,loguru,3.2920222206739704,https://github.com/Delgan/loguru,False
110228,kombu,3.2701087434503937,,False
51890,XlsxWriter,3.2557161383469064,https://github.com/jmcnamara/XlsxWriter,False
1424977,eth-utils,3.24932661628247,https://github.com/ethereum/eth_utils,False
26542,clint,3.2354967613110155,https://github.com/kennethreitz/clint,False
32090,twine,3.225351341606181,https://github.com/pypa/twine,False
76311,eventlet,3.211529167947885,,False
91167,Genshi,3.192806552073038,,False
20366,stevedore,3.190208560784077,,False
497141,aiofiles,3.167492562730331,https://github.com/Tinche/aiofiles,False
1303450,future-fstrings,3.1583245510909954,https://github.com/asottile/future-fstrings,False
781268,sysv_ipc,3.128685047407634,,False
13032,anyjson,3.091812465993245,https://bitbucket.org/runeh/anyjson,False
577019,dash,3.085784786623902,,False
34447,unicodecsv,3.06619610843738,https://github.com/jdunck/python-unicodecsv,False
161001,pylint,3.0408156170111,https://github.com/PyCQA/pylint,False
80702,Faker,3.0216750954489724,https://github.com/joke2k/faker,False
102079,html2text,3.0121419327325314,https://github.com/Alir3z4/html2text,False
157010,pyfiglet,2.9972867735250475,https://github.com/pwaller/pyfiglet,False
23605,CacheControl,2.9945309665107587,https://github.com/ionrock/cachecontrol,False
98603,gunicorn,2.983854245154589,https://github.com/benoitc/gunicorn,False
532885,kafka-python,2.980811307135081,https://github.com/dpkp/kafka-python,False
1386371,importlib_resources,2.968271117046545,,False
394609,twitter.common.lang,2.9453509969796867,https://github.com/twitter/commons,False
387342,django-cms,2.9138164535756004,,False
15431,args,2.91190898157433,https://github.com/kennethreitz/args,False
50020,WTForms,2.899229224535053,,False
20692,structlog,2.891197456221562,,False
149197,plumbum,2.8683198828075547,,False
545690,pytest-cov,2.8655523335528543,https://github.com/pytest-dev/pytest-cov,False
485235,entrypoints,2.8611111505489344,https://github.com/takluyver/entrypoints,False
14291,scandir,2.8525685902564337,https://github.com/benhoyt/scandir,False
93332,girder,2.84236788318376,,False
901600,google-cloud-storage,2.8395935677275697,https://github.com/GoogleCloudPlatform/google-cloud-python,False
86019,fs,2.831536333140412,https://github.com/PyFilesystem/pyfilesystem2,False
1191298,parso,2.8305246830262183,https://github.com/davidhalter/parso,False
8863,PyVISA,2.8293495174264534,https://github.com/pyvisa/pyvisa,False
34737,uritemplate,2.821121835886816,https://github.com/uri-templates/uritemplate-py,False
471840,python-json-logger,2.81529090537133,https://github.com/madzak/python-json-logger,False
1726257,sentry-sdk,2.813851234767594,https://github.com/getsentry/sentry-python,False
131686,mccabe,2.810301502223244,https://github.com/pycqa/mccabe,False
486670,Flask-RESTful,2.8011709249578414,https://github.com/flask-restful/flask-restful,False
498567,python-sql,2.760286541508389,,False
510808,python-telegram-bot,2.743747249169973,https://github.com/python-telegram-bot/python-telegram-bot,False
14781,SecretStorage,2.734393889752251,https://github.com/mitya57/secretstorage,False
138356,mutagen,2.7314860826358203,https://github.com/quodlibet/mutagen,False
22509,bleach,2.726642180785974,https://github.com/mozilla/bleach,False
1700,pyquery,2.7230746600311244,https://github.com/gawel/pyquery,False
22515,blessings,2.7216847544726885,https://github.com/erikrose/blessings,False
31252,colored,2.716288694184549,https://gitlab.com/dslackw/colored,False
150067,progressbar2,2.7151109676704674,https://github.com/WoLpH/python-progressbar,False
101617,hiredis,2.7049150227481955,https://github.com/redis/hiredis-py,False
12998,ansible,2.70119075112234,,False
669608,aenum,2.698144843854243,https://bitbucket.org/stoneleaf/aenum,False
15582,astor,2.689285589071773,https://github.com/berkerpeksag/astor,False
105889,itertoolz,2.6760306460341416,https://github.com/mrocklin/itertoolz,False
86181,functoolz,2.6760306460341416,https://github.com/mrocklin/functoolz,False
133635,mistune,2.670089286410477,https://github.com/lepture/mistune,False
387617,django-appconf,2.667054239939898,,False
15413,argh,2.659603014235667,https://github.com/neithere/argh,False
700780,pycodestyle,2.659568688153577,https://github.com/PyCQA/pep8,False
703469,pycryptodomex,2.654101454778985,,False
388255,oslo.utils,2.651110954618018,,False
14981,sendgrid,2.637409903336083,https://github.com/sendgrid/sendgrid-python,False
1643327,dagster,2.6131290147546675,https://github.com/dagster-io/dagster,False
17672,base58,2.59537869282298,https://github.com/keis/base58,False
15233,setproctitle,2.593126366104688,https://github.com/dvarrazzo/py-setproctitle,False
516680,path.py,2.5845687505204644,https://github.com/jaraco/path,False
975933,kubernetes,2.583318580372946,https://github.com/kubernetes-client/python,False
26275,CherryPy,2.570385096377868,https://github.com/cherrypy/cherrypy,False
37988,defusedxml,2.56644451818327,https://github.com/tiran/defusedxml,False
568471,azure-mgmt-nspkg,2.565503518841149,https://github.com/Azure/azure-sdk-for-python,False
106997,joblib,2.559753716844898,,False
11861,retrying,2.559337934236012,https://github.com/rholder/retrying,False
22457,bitstring,2.555248894302416,https://github.com/scott-griffiths/bitstring,False
885039,cs.py3,2.5454732527471107,https://bitbucket.org/cameron_simpson/css,False
80521,Fabric,2.5404469332517694,https://github.com/fabric/fabric,False
46570,wget,2.518886726496203,https://bitbucket.org/techtonik/python-wget,False
17768,bcrypt,2.4894285937410148,https://github.com/pyca/bcrypt,False
27532,thrift,2.4782948764024693,,False
121642,Logbook,2.4679577066886007,,False
162872,pyodbc,2.467342848551925,https://github.com/mkleehammer/pyodbc,False
1107097,django-js-asset,2.4512134593656807,https://github.com/matthiask/django-js-asset,False
121604,lockfile,2.4502192592474503,,False
614144,graphql-core,2.4470957787882077,https://github.com/graphql-python/graphql-core-next,False
1150287,pyspark,2.4451835469342766,https://github.com/apache/spark,False
546669,pyasn1-modules,2.4417338860429965,https://github.com/etingof/pyasn1-modules,False
15339,APScheduler,2.424443574667203,https://github.com/agronholm/apscheduler,False
145781,passlib,2.4197096309522896,https://bitbucket.org/ecollins/passlib,False
108580,jupyter,2.4096993370076234,,False
388278,oslo.i18n,2.408003825434934,,False
17504,awscli,2.397010201242783,,False
28917,Trac,2.3806630961596964,,False
531962,python-jose,2.371739902441732,https://github.com/mpdavis/python-jose,False
106860,jieba,2.362944643758237,https://github.com/fxsjy/jieba,False
90649,fuzzywuzzy,2.359902422057348,https://github.com/seatgeek/fuzzywuzzy,False
956319,google-auth-httplib2,2.353662054576909,https://github.com/GoogleCloudPlatform/google-auth-library-python-httplib2,False
514080,cloudpickle,2.3524464286242117,https://github.com/cloudpipe/cloudpickle,False
886482,cattrs,2.3315603905720077,https://github.com/Tinche/cattrs,False
149401,polib,2.329279941016715,https://bitbucket.org/izi/polib,False
714468,bluepy,2.328767254203558,https://github.com/IanHarvey/bluepy,False
45668,webencodings,2.3212327020251395,https://github.com/SimonSapin/python-webencodings,False
593731,python-daemon,2.31959760446971,,False
145808,Paste,2.3195683713161195,,False
464608,requests-cache,2.311322563369322,https://github.com/reclosedev/requests-cache,False
27828,tinydb,2.300508490637884,https://github.com/msiemens/tinydb,False
15296,appier,2.2933959022164343,,False
17788,Beaker,2.287756358105071,,False
31595,cookiecutter,2.2815088866910007,https://github.com/cookiecutter/cookiecutter,False
565268,zc.buildout,2.253400532141424,,False
1666761,starlette,2.2499168667010965,https://github.com/encode/starlette,False
806251,python-utils,2.2469323374570096,https://github.com/WoLpH/python-utils,False
894635,tenacity,2.245591933605241,https://github.com/jd/tenacity,False
2088579,aws-cdk.cx-api,2.2397388237952005,https://github.com/aws/aws-cdk,False
11573,reportlab,2.2338022638599555,,False
2220173,jupyter-client,2.2290340276256178,https://github.com/jupyter/jupyter_client,False
22416,bitarray,2.220849908818491,https://github.com/ilanschnell/bitarray,False
765758,confluent-kafka,2.2176135284214977,https://github.com/confluentinc/confluent-kafka-python,False
146881,pep8,2.214847280959847,,False
31521,construct,2.2024949956903583,,False
18407,snowballstemmer,2.19649305541797,https://github.com/snowballstem/snowball,False
35403,cytoolz,2.195928795090811,https://github.com/pytoolz/cytoolz,False
535926,Keras,2.191057322081178,https://github.com/keras-team/keras,False
2088538,aws-cdk.aws-iam,2.188469895006393,https://github.com/aws/aws-cdk,False
12726,aioredis,2.180870115213406,https://github.com/aio-libs/aioredis,False
781280,requests-futures,2.1648638376253486,https://github.com/ross/requests-futures,False
10409,raven,2.159439376745831,https://github.com/getsentry/raven-python,False
15738,autobahn,2.156902446678233,,False
1920209,sanic,2.154750214098021,https://github.com/huge-success/sanic,False
51895,xlwt,2.1308849551446,,False
523684,zope.component,2.1291614360979616,https://github.com/zopefoundation/zope.component,False
141190,numba,2.1274744907859717,,False
138546,mypy,2.1252485600247564,,False
37776,dateparser,2.1157934517395915,https://github.com/scrapinghub/dateparser,False
386508,Flask-Cors,2.1144446833457744,https://github.com/corydolphin/flask-cors,False
26498,cleo,2.11221685948658,https://github.com/sdispater/cleo,False
495109,python-gitlab,2.1080377412465165,https://github.com/python-gitlab/python-gitlab,False
141352,oauth2,2.101747850587708,https://github.com/joestump/python-oauth2,False
151451,pyaes,2.0967515998416277,https://github.com/ricmoo/pyaes,False
670,PyPDF2,2.095552727734321,https://github.com/mstamy2/PyPDF2,False
12802,alembic,2.0939948729893576,https://github.com/sqlalchemy/alembic,False
582331,discord.py,2.0907294384902344,https://github.com/Rapptz/discord.py,False
12777,alabaster,2.0827932297447798,https://github.com/bitprophet/alabaster,False
1186451,logzero,2.077859784581233,https://github.com/metachris/logzero,False
102890,humanize,2.0537851102679925,https://github.com/jmoiron/humanize,False
1254066,opencensus,2.041501731425524,https://github.com/census-instrumentation/opencensus-python,False
86185,funcy,2.0277919622029006,https://github.com/Suor/funcy,False
138831,natsort,2.026333075945637,https://github.com/SethMMorton/natsort,False
26530,cliff,2.0150643236744594,,False
388262,oslo.config,2.015049811357508,,False
524401,sklearn,1.9990799831432011,,False
728779,python-mimeparse,1.9919779300651936,https://github.com/dbtsai/python-mimeparse,False
161513,PyNaCl,1.9900780182419937,https://github.com/pyca/pynacl,False
159250,PyHamcrest,1.9772024179307703,https://github.com/hamcrest/PyHamcrest,False
145812,PasteDeploy,1.9735452661987052,,False
28495,tldextract,1.960692768014269,https://github.com/john-kurkowski/tldextract,False
9379,qrcode,1.9591996716058933,https://github.com/lincolnloop/python-qrcode,False
138291,munch,1.9453403527637665,https://github.com/Infinidat/munch,False
1528595,black,1.9348464508133476,https://github.com/psf/black,False
4123,PySocks,1.9329290292074623,https://github.com/Anorov/PySocks,False
527213,mysql-connector-python,1.9302554602734745,,False
18653,spacy,1.9185865100705997,,False
926475,streamsx,1.9136247821326835,https://github.com/IBMStreams/pypi.streamsx,False
156716,pydub,1.913149246555986,,False
155984,pydicom,1.9122050655510976,https://github.com/pydicom/pydicom,False
147598,Pint,1.9074699476584267,https://github.com/hgrecco/pint,False
511973,ruamel.base,1.907125846260015,https://bitbucket.org/ruamel/base,False
2236095,jupyter-core,1.902575202731224,,False
13279,Rx,1.899189346388266,,False
464537,adal,1.8988931175370451,https://github.com/AzureAD/azure-activedirectory-library-for-python,False
2175343,sparkfun-qwiic-i2c,1.8987981073616536,,False
1012607,peek-plugin-base,1.8829367592930797,https://github.com/Synerty/peek-plugin-base,False
1126850,repoze.lru,1.8646928755941143,,False
106736,jedi,1.8607411470824813,https://github.com/davidhalter/jedi,False
653101,deprecation,1.8569683216864104,https://github.com/briancurtin/deprecation,False
14340,schema,1.8553599677208688,https://github.com/keleshev/schema,False
73017,emoji,1.8496518430156408,https://github.com/carpedm20/emoji,False
510937,Flask-WTF,1.8305066825033052,https://github.com/lepture/flask-wtf,False
21657,svgwrite,1.8304752013180403,https://github.com/mozman/svgwrite,False
657418,incremental,1.8265564625592512,https://github.com/twisted/incremental,False
1706148,i2cdevice,1.82343775331974,,False
1646619,pulumi,1.8233804017305373,https://github.com/pulumi/pulumi,False
4257,pystache,1.8208180330751929,https://github.com/defunkt/pystache,False
449440,pantsbuild.pants,1.8166638536378743,https://github.com/pantsbuild/pants,False
500080,django-mptt,1.7936717511533062,https://github.com/django-mptt/django-mptt,False
41838,voluptuous,1.790627681749099,https://github.com/alecthomas/voluptuous,False
24538,texttable,1.784174318255805,https://github.com/foutaise/texttable,False
710599,opentracing,1.7805904756379187,https://github.com/opentracing/opentracing-python,False
388395,docker-py,1.7786554352773554,https://github.com/docker/docker-py,False
901641,google-cloud-bigquery,1.7769669625908135,https://github.com/GoogleCloudPlatform/google-cloud-python,False
12981,aniso8601,1.7740775815928758,https://bitbucket.org/nielsenb/aniso8601,False
493399,django-filter,1.773660326610843,https://github.com/carltongibson/django-filter,False
384438,youtube_dl,1.7727459325687962,https://github.com/ytdl-org/youtube-dl,False
1126771,python-Levenshtein,1.769101149146445,https://github.com/ztane/python-Levenshtein,False
23920,Cerberus,1.7682536755321514,https://github.com/pyeve/cerberus,False
159001,pyglet,1.766714299010346,https://github.com/pyglet/pyglet,False
3924,pysha3,1.760372106656758,https://github.com/tiran/pysha3,False
21351,subprocess32,1.7589395035481643,https://github.com/google/python-subprocess32,False
1648894,PyInquirer,1.7573371969163416,https://github.com/CITGuru/PyInquirer,False
563606,logilab-common,1.7520595178088618,,False
151617,PyAudio,1.7454791763797404,,False
784194,web3,1.7434079099769406,https://github.com/ethereum/web3.py,False
570155,deprecated,1.7433613993114705,https://github.com/tantale/deprecated,False
17937,bibtexparser,1.735201270971447,https://github.com/sciunto-org/python-bibtexparser,False
1700602,tomlkit,1.7318729280779734,https://github.com/sdispater/tomlkit,False
29734,transaction,1.726985200990746,https://github.com/zopefoundation/transaction,False
114572,ldap3,1.7200201754385491,https://github.com/cannatag/ldap3,False
138463,MyghtyUtils,1.7193502661366966,,False
18262,smtpapi,1.7192582835908978,,False
896266,docker-pycreds,1.7139842675734558,https://github.com/shin-/dockerpy-creds,False
14337,schedule,1.713794669902463,https://github.com/dbader/schedule,False
22622,bokeh,1.7041607660823503,https://github.com/bokeh/bokeh,False
466224,httpx,1.701201511160616,https://github.com/encode/httpx,False
599,pypandoc,1.693388336117389,https://github.com/bebraw/pypandoc,False
82855,filelock,1.6923390520408426,https://github.com/benediktschmitt/py-filelock,False
594056,graphene,1.681767784920521,https://github.com/graphql-python/graphene,False
108361,jsonpointer,1.6809557808132314,https://github.com/stefankoegl/python-json-pointer,False
16898,sleekxmpp,1.6782087668967745,https://github.com/fritzy/SleekXMPP,False
532514,django-classy-tags,1.6737729158284538,https://github.com/ojii/django-classy-tags,False
145908,pathtools,1.6733661466942196,https://github.com/gorakhargosh/pathtools,False
514634,enum-compat,1.665960486151328,https://github.com/jstasiak/enum-compat,False
102965,hy,1.6621577920392154,,False
103877,imageio,1.6509808418881218,,False
145728,parsimonious,1.6470550717660717,https://github.com/erikrose/parsimonious,False
147360,pickleshare,1.6450824700112427,https://github.com/pickleshare/pickleshare,False
104133,inflect,1.644737705982381,https://github.com/jazzband/inflect,False
103050,hypothesis,1.6416198657167966,https://github.com/HypothesisWorks/hypothesis,False
12927,amqplib,1.6376666375828082,https://github.com/barryp/py-amqplib,False
11606,request,1.6351139289210548,https://github.com/looking-for-a-job/request.py,False
138721,Naked,1.633856889442194,,False
138237,multipledispatch,1.632588864887657,https://github.com/mrocklin/multipledispatch,False
15590,astroid,1.6314230753251358,https://github.com/PyCQA/astroid,False
50066,wxPython,1.6240331455948762,,False
145831,PasteScript,1.622124649047504,,False
41984,w3lib,1.619740068964893,https://github.com/scrapy/w3lib,False
105583,ipaddr,1.6117974598731937,https://github.com/google/ipaddr-py,False
140619,nibabel,1.5964221372792962,https://github.com/nipy/nibabel,False
105529,invoke,1.5952163539726771,https://github.com/pyinvoke/invoke,False
37786,dateutils,1.5941442955938778,,False
451548,datadog,1.5912012144879557,https://github.com/DataDog/datadogpy,False
106919,jira,1.591027413867414,https://github.com/pycontribs/jira,False
146272,pelican,1.5907181160058828,,False
572552,text-unidecode,1.5895742164595694,https://github.com/kmike/text-unidecode,False
160817,Pykka,1.5874006384110544,https://github.com/jodal/pykka,False
155673,pycountry,1.582476327010954,,False
491443,QtPy,1.581646439025323,https://github.com/spyder-ide/qtpy,False
503252,python-ldap,1.5800849945255322,,False
730002,imagesize,1.577134892122657,https://github.com/shibukawa/imagesize_py,False
145518,pandocfilters,1.5744247951184598,https://github.com/jgm/pandocfilters,False
42150,dropbox,1.5717471643234604,,False
430997,oslo.log,1.570837818461141,,False
153601,pycairo,1.567673283582553,,False
388406,oslo.serialization,1.5674820938277134,,False
134746,mongoengine,1.5652674633602148,,False
1467986,mo-future,1.5613938029741794,https://github.com/klahnakoski/mo-future,False
504876,python-box,1.5564320609345728,https://github.com/cdgriffith/Box,False
425564,tapioca-wrapper,1.552500081062317,https://github.com/vintasoftware/tapioca-wrapper,False
104138,influxdb,1.5515679570380596,https://github.com/influxdb/influxdb-python,False
138738,nameko,1.551375142717734,https://github.com/nameko/nameko,False
496437,hvac,1.5452738969936035,https://github.com/hvac/hvac,False
15469,Arpeggio,1.5407498963642865,https://github.com/textX/Arpeggio,False
35044,crcmod,1.53892817908427,,False
14298,scapy,1.5340487651526926,https://github.com/secdev/scapy,False
147784,pkginfo,1.5338224361722033,,False
720744,vine,1.5293527034852992,https://github.com/celery/vine,False
108179,JPype1,1.528101294208318,https://github.com/jpype-project/jpype,False
861732,python-xlib,1.5277948859729804,https://github.com/python-xlib/python-xlib,False
498966,keystoneauth1,1.5248492185649702,,False
536337,elasticsearch-dsl,1.5240827966397774,https://github.com/elasticsearch/elasticsearch-dsl-py,False
108326,jsonfield,1.5154869380579838,https://github.com/dmkoch/django-jsonfield,False
23582,bz2file,1.5097912244915732,https://github.com/nvawda/bz2file,False
1090493,google-auth-oauthlib,1.5068832842167468,https://github.com/GoogleCloudPlatform/google-auth-library-python-oauthlib,False
659224,uvloop,1.505127985030413,https://github.com/MagicStack/uvloop,False
662212,distro,1.5010460518547148,https://github.com/nir0s/distro,False
150063,progress,1.4961994337448536,https://github.com/verigak/progress,False
733529,widgetsnbextension,1.4954375117920942,,False
17973,billiard,1.493385772089272,https://github.com/celery/billiard,False
455348,pytoml,1.493333208216063,https://github.com/avakar/pytoml,False
1059687,pyppl,1.4889178961493932,https://github.com/pwwang/PyPPL,False
109857,kazoo,1.48566057079006,,False
36636,uuid,1.4806836702860893,,False
71315,dulwich,1.4805545466711918,,False
901601,google-cloud-datastore,1.4639314055000343,https://github.com/GoogleCloudPlatform/google-cloud-python,False
775852,Adafruit-GPIO,1.4587554083203051,https://github.com/adafruit/Adafruit_Python_GPIO,False
237947,dask,1.4574946650909166,https://github.com/dask/dask,False
1151690,typing-inspect,1.4501655091553405,https://github.com/ilevkivskyi/typing_inspect,False
791854,gym,1.4489148527383806,https://github.com/openai/gym,False
160600,PyInstaller,1.4470128485365763,https://github.com/pyinstaller/pyinstaller,False
49850,ws4py,1.4447000602668767,https://github.com/Lawouach/WebSocket-for-Python,False
915737,ansimarkup,1.4394911236828192,https://github.com/gvalkov/python-ansimarkup,False
121690,logging,1.4383602620102467,,False
150113,promise,1.435856892048105,https://github.com/syrusakbary/promise,False
604491,score.init,1.4326236670836807,,False
2088582,aws-cdk.cdk,1.4324767484556091,https://github.com/awslabs/aws-cdk,False
147261,phonenumbers,1.4289299904839103,https://github.com/daviddrysdale/python-phonenumbers,False
156112,pydot,1.4264644791798349,https://github.com/pydot/pydot,False
16393,simplegeneric,1.4262040647836518,,False
860784,mastercard-api-core,1.4250000759959225,,False
22839,Brownie,1.422964314949981,https://github.com/DasIch/brownie,False
818331,pyserial-asyncio,1.4195083921775222,https://github.com/pyserial/pyserial-asyncio,False
32015,tweepy,1.4172886342654238,https://github.com/tweepy/tweepy,False
121499,llvmlite,1.414568049274385,,False
520721,github3.py,1.4144816985816755,,False
789794,async_generator,1.4114190899650567,https://github.com/python-trio/async_generator,False
16131,shortuuid,1.4015995125799234,https://github.com/stochastic-technologies/shortuuid,False
15687,attrdict,1.4015750612493434,https://github.com/bcj/AttrDict,False
22629,boltons,1.3863905209461729,https://github.com/mahmoud/boltons,False
483430,parsel,1.379638267337577,https://github.com/scrapy/parsel,False
1149656,google-resumable-media,1.3784568410054816,https://github.com/GoogleCloudPlatform/google-resumable-media-python,False
31513,constantly,1.3764921954459122,https://github.com/twisted/constantly,False
136926,mpi4py,1.3699235387146471,https://bitbucket.org/mpi4py/mpi4py,False
149548,portalocker,1.3660252238746693,https://github.com/WoLpH/portalocker,False
1006918,adafruit-circuitpython-register,1.3643588156905024,https://github.com/adafruit/Adafruit_CircuitPython_Register,False
105484,intervaltree,1.3602950481451557,https://github.com/chaimleib/intervaltree,False
781664,mysql-connector,1.357812870547806,https://github.com/sanpingz/mysql-connector,False
611928,apispec,1.3573950461734712,https://github.com/marshmallow-code/apispec,False
45336,waitress,1.356283870121524,https://github.com/Pylons/waitress,False
1599948,parver,1.355086386203766,https://github.com/RazerM/parver,False
103129,icalendar,1.3517974887407034,https://github.com/collective/icalendar,False
487877,python-keystoneclient,1.3507200612715,,False
695704,Flask-BabelEx,1.3499495258060277,https://github.com/mrjoes/flask-babelex,False
503912,zmq,1.34790517964866,https://github.com/zeromq/pyzmq,False
1126777,suds-jurko,1.3474210450665849,https://bitbucket.org/jurko/suds,False
102801,httpie,1.3454068457707762,,False
545239,halo,1.340712229348719,https://github.com/manrajgrover/halo,False
524210,python-socketio,1.3396255808766002,https://github.com/miguelgrinberg/python-socketio,False
22513,blessed,1.338611094580301,https://github.com/jquast/blessed,False
16848,slacker,1.3374605348333717,https://github.com/os/slacker,False
52747,zeroconf,1.3333765369106036,https://github.com/jstasiak/python-zeroconf,False
10858,relatorio,1.325375153675614,,False
86227,furl,1.3236254736548287,https://github.com/gruns/furl,False
118788,libsass,1.321993203538841,https://github.com/sass/libsass-python,False
2024414,sphinx-rtd-theme,1.3192040738533253,https://github.com/rtfd/sphinx_rtd_theme,False
2255073,artellapipe,1.3187690306454898,https://github.com/ArtellaPipe/artellapipe,False
1540688,colcon-core,1.3174723147501937,https://github.com/colcon/colcon-core,False
562779,Flask-Login,1.314492451507029,https://github.com/maxcountryman/flask-login,False
28710,toposort,1.3114507788279162,https://bitbucket.org/ericvsmith/toposort,False
1587275,djangoldp,1.3067600030452016,,False
1510675,oyaml,1.3067090902255742,https://github.com/wimglenn/oyaml,False
819861,typed-ast,1.3064746491965455,https://github.com/python/typed_ast,False
1016237,pprint,1.305530124805773,https://github.com/hamadi15/test,False
995155,cfn_flip,1.3041939362061383,https://github.com/awslabs/aws-cfn-template-flip,False
18633,South,1.3027461942296212,https://bitbucket.org/andrewgodwin/south,False
2131338,nanome,1.2975001215934752,https://github.com/nanome-ai/nanome,False
1512693,requests-html,1.2943737033871003,https://github.com/kennethreitz/requests-html,False
387684,python-consul,1.2938190931219198,https://github.com/cablehead/python-consul,False
2242264,tppyutils,1.2898381669197492,https://github.com/tpoveda/tpPyUtils,False
388219,SQLAlchemy-Utils,1.2891268904562017,https://github.com/kvesteri/sqlalchemy-utils,False
136608,Mopidy,1.2882147716125474,https://github.com/mopidy/mopidy,False
12922,amqp,1.286204974395314,https://github.com/celery/py-amqp,False
1924638,fonttools,1.2821084018503823,https://github.com/fonttools/fonttools,False
131785,mechanize,1.2777508787952685,https://github.com/python-mechanize/mechanize,False
31423,ConfigArgParse,1.276333382268058,https://github.com/bw2/ConfigArgParse,False
35139,crypto,1.275162024409491,https://github.com/chrissimpkins/crypto,False
14360,schematics,1.2563496610840954,https://github.com/schematics/schematics,False
1391599,google-cloud-firestore,1.2562145678559316,https://github.com/GoogleCloudPlatform/google-cloud-python,False
2056,pysam,1.255181449407246,https://github.com/pysam-developers/pysam,False
388320,pytest-runner,1.2547410048980965,https://github.com/pytest-dev/pytest-runner,False
1315606,absl-py,1.2501432091322475,https://github.com/abseil/abseil-py,False
864368,panflute,1.2484290005487917,https://github.com/sergiocorreia/panflute,False
975439,zope.deprecation,1.245814386916281,https://github.com/zopefoundation/zope.deprecation,False
571333,fake-useragent,1.2434585293471174,https://github.com/hellysmile/fake-useragent,False
150065,progressbar,1.24062258408012,https://github.com/niltonvolpato/python-progressbar,False
105837,isort,1.2405908477291183,https://github.com/timothycrosley/isort,False
676214,jupyterlab,1.2389908461365848,https://github.com/jupyter/jupyterlab,False
45622,webassets,1.2389352802779967,https://github.com/miracle2k/webassets,False
597548,python-gnupg,1.2388488899101502,,False
433824,docker-compose,1.238327176717576,https://github.com/docker/compose,False
622170,pdfminer.six,1.2359790248330684,https://github.com/pdfminer/pdfminer.six,False
11695,responses,1.2279135576827689,https://github.com/getsentry/responses,False
593515,strict-rfc3339,1.2259414221968326,,False
104260,inquirer,1.2258133133524098,https://github.com/magmax/python-inquirer,False
691117,typeguard,1.2249821385310498,https://github.com/agronholm/typeguard,False
98496,gspread,1.224609525082633,https://github.com/burnash/gspread,False
380673,tempora,1.2230339283228944,https://github.com/jaraco/tempora,False
529558,ordered-set,1.221665416059193,https://github.com/LuminosoInsight/ordered-set,False
427888,python-novaclient,1.221616828142789,,False
37883,ddt,1.2181678801066649,https://github.com/datadriventests/ddt,False
429604,flask-restplus,1.216092754318379,https://github.com/noirbizarre/flask-restplus,False
1126798,zope.schema,1.2139485784763513,https://github.com/zopefoundation/zope.schema,False
13005,ansicolors,1.2119284088753342,https://github.com/jonathaneunice/colors,False
523567,avocado-framework,1.2058743050321936,,False
29986,troposphere,1.2057128727108648,https://github.com/cloudtools/troposphere,False
1660,PyQRCode,1.2029405085835605,https://github.com/mnooner256/pyqrcode,False
2023979,websocket_client,1.202561829611659,https://github.com/websocket-client/websocket-client,False
2236286,testwizard.commands-core,1.1998709470033646,,False
14702,seaborn,1.1992291873175416,,False
1109442,firebase-admin,1.1990241814404723,,False
15777,Automat,1.192569163321382,https://github.com/glyph/Automat,False
552523,backports.functools_lru_cache,1.1913689188673533,https://github.com/jaraco/backports.functools_lru_cache,False
37035,verlib,1.1883683238580138,https://bitbucket.org/tarek/distutilsversion,False
155839,pydash,1.1861433255428435,https://github.com/dgilland/pydash,False
1222167,lml,1.1818503661822433,https://github.com/chfw/lml,False
129222,M2Crypto,1.1776544958091109,https://gitlab.com/m2crypto/m2crypto,False
23849,cchardet,1.172781566162605,https://github.com/PyYoshi/cChardet,False
31385,comtypes,1.17159384759143,https://github.com/enthought/comtypes,False
29767,translationstring,1.1708792792792992,,False
1155845,mypy_extensions,1.1696114588330544,,False
17817,BeautifulSoup,1.1695968554773115,,False
145899,pathspec,1.1693802307534495,https://github.com/cpburnz/python-path-specification,False
382702,debtcollector,1.1649470243575504,,False
475750,watson-common,1.163598576602817,https://github.com/watsonpy/watson-common,False
12428,rply,1.1612672224640843,,False
863445,asyncpg,1.1609972877937254,https://github.com/MagicStack/asyncpg,False
650172,httptools,1.1607089405879378,https://github.com/MagicStack/httptools,False
588646,ruamel.std.argparse,1.157729416041969,https://bitbucket.org/ruamel/std.argparse,False
130315,markdown2,1.1570016505650138,https://github.com/trentm/python-markdown2,False
1729179,sqlite-utils,1.154531627893448,https://github.com/simonw/sqlite-utils,False
575166,django-crispy-forms,1.1535567617043854,https://github.com/django-crispy-forms/django-crispy-forms,False
12708,aiodns,1.153146561741596,https://github.com/saghul/aiodns,False
748054,certbot,1.1530200286302716,https://github.com/letsencrypt/letsencrypt,False
885038,cs.logutils,1.1524534582495127,https://bitbucket.org/cameron_simpson/css,False
1085856,crayons,1.1524185602036596,https://github.com/MasterOdin/crayons,False
35201,cssutils,1.1514751517126571,,False
160922,pylev,1.1497445305074503,https://github.com/toastdriven/pylev,False
895273,anytree,1.1483597745362204,https://github.com/c0fec0de/anytree,False
92935,geographiclib,1.1455289329693188,,False
98294,grequests,1.141641167527996,https://github.com/kennethreitz/grequests,False
14965,Send2Trash,1.1412322314219403,https://github.com/hsoft/send2trash,False
4113,pysnmp,1.139592018131801,https://github.com/etingof/pysnmp,False
684853,pick,1.139500982640311,https://github.com/wong2/pick,False
161407,pymorphy2,1.139053551107645,https://github.com/kmike/pymorphy2,False
1777885,tendril-utils-core,1.137464376470403,https://github.com/tendril-framework/tendril-utils-core,False
817,pypinyin,1.1349075049161912,https://github.com/mozillazg/python-pinyin,False
110108,Kivy,1.1345474829431623,,False
2066454,drongopy-core,1.134512357786298,,False
433927,trytond_party,1.1320788249060132,,False
147815,plac,1.1311926852433316,https://github.com/micheles/plac,False
553514,ua-parser,1.1271651923569916,https://github.com/ua-parser/uap-python,False
522077,plone.api,1.124355321078857,https://github.com/plone/plone.api,False
528151,stringcase,1.1230288301291238,https://github.com/okunishinishi/python-stringcase,False
582144,cliar,1.1225837202160618,https://github.com/moigagoo/cliar,False
804206,dogpile.cache,1.1209683313585372,https://github.com/sqlalchemy/dogpile.cache,False
2376700,ae-core,1.1183708542142996,https://gitlab.com/ae-group/ae_core,False
1126871,ez_setup,1.1178961880883431,https://github.com/ActiveState/ez_setup,False
521502,yagmail,1.1177193520590665,https://github.com/kootenpv/yagmail,False
1433787,azure-cognitiveservices-nspkg,1.1164103971095751,https://github.com/Azure/azure-sdk-for-python,False
129205,lz4,1.1151550363545537,https://github.com/python-lz4/python-lz4,False
1126816,zope.dottedname,1.1131777275284662,,False
159064,PyGObject,1.1121569037670271,,False
95331,glob2,1.1119747859963265,https://github.com/miracle2k/python-glob2,False
1089682,trio,1.110598192177713,https://github.com/python-trio/trio,False
16586,simpy,1.1083547122078017,,False
149082,Plone,1.1058152155418808,,False
129077,luigi,1.1043332020824892,https://github.com/spotify/luigi,False
385294,python-docx,1.0977211399469524,https://github.com/python-openxml/python-docx,False
901640,google-cloud-pubsub,1.097433800876888,https://github.com/GoogleCloudPlatform/google-cloud-python,False
101563,hidapi,1.0952911397477691,https://github.com/trezor/cython-hidapi,False
20260,statsd,1.094171625284183,https://github.com/jsocol/pystatsd,False
821997,h11,1.093323530531097,https://github.com/python-hyper/h11,False
1021057,pigpio,1.0892502188682556,https://github.com/joan2937/pigpio,False
1420934,xlib,1.0888959306292236,https://github.com/python-xlib/python-xlib,False
1455143,eth-hash,1.087554859568147,https://github.com/ethereum/eth-hash,False
13083,apipkg,1.0872517509358828,https://github.com/pytest-dev/apipkg,False
568280,minio,1.084167795453686,https://github.com/minio/minio-py,False
146012,pbkdf2,1.0837259406072917,,False
447206,sphinx_rtd_theme,1.082349346331948,https://github.com/rtfd/sphinx_rtd_theme,False
160582,pyinotify,1.081951859147247,https://github.com/seb-m/pyinotify,False
46698,Whoosh,1.0819230632307373,https://bitbucket.org/mchaput/whoosh,False
1699369,dev-pipeline-core,1.080730694439262,https://github.com/dev-pipeline/dev-pipeline-core,False
21397,suds,1.0804688553639874,,False
93030,geopy,1.0797398966155014,https://github.com/geopy/geopy,False
136822,mozfile,1.0795037103067444,,False
104016,importlib,1.0779710547596837,https://github.com/brettcannon/importlib,False
22862,bson,1.0774740736628252,https://github.com/py-bson/bson,False
773575,python-gflags,1.0770180277603911,https://github.com/google/python-gflags,False
386876,earthengine-api,1.0727710066363216,,False
1400357,azure-storage-blob,1.0706530453608138,https://github.com/Azure/azure-sdk-for-python,False
765567,properties,1.0680947717279194,https://github.com/seequent/properties,False
1288915,cs.pfx,1.0678777818232723,https://bitbucket.org/cameron_simpson/css,False
161348,pymodbus,1.0659565947949887,https://github.com/riptideio/pymodbus,False
145896,pathos,1.0656988349335734,,False
1635700,eth-typing,1.0637511043869927,https://github.com/ethereum/eth-typing,False
554462,user-agents,1.0622125826659612,https://github.com/selwin/python-user-agents,False
105668,IPy,1.0589748991071246,https://github.com/autocracy/python-ipy,False
1418028,serial,1.0586633928120135,https://bitbucket.org/davebelais/serial,False
12452,rq,1.0566594047706257,https://github.com/nvie/rq,False
138251,multiprocess,1.0516380339788156,,False
38191,dicttoxml,1.0514326374707708,https://github.com/quandyfactory/dicttoxml,False
429322,trytond_product,1.049687248929167,,False
86012,frozendict,1.0488131163374874,https://github.com/slezica/python-frozendict,False
493951,bravado,1.0462160179624334,https://github.com/Yelp/bravado,False
509185,django-allauth,1.043016802787315,https://github.com/pennersr/django-allauth,False
159281,pyhcl,1.042183946853038,https://github.com/virtuald/pyhcl,False
72776,editdistance,1.0352049955463274,https://github.com/aflc/editdistance,False
1293070,aliyun-python-sdk-core-v3,1.034280252410099,https://github.com/aliyun/aliyun-openapi-python-sdk,False
648280,pynput,1.0335365984705278,https://github.com/moses-palmer/pynput,False
510176,gevent-websocket,1.0305507496658948,https://gitlab.com/noppo/gevent-websocket,False
436709,jupyterhub,1.0305339138954877,https://github.com/jupyterhub/jupyterhub,False
887330,xdg,1.0294006205513142,https://github.com/srstevenson/xdg,False
17843,behave,1.0288877721643075,https://github.com/behave/behave,False
1642227,runcmd,1.0282340892823412,https://github.com/looking-for-a-job/runcmd.py,False
508491,jupyter_core,1.027692519151404,,False
550554,h2,1.0264787024676931,,False
1582726,neotime,1.023971032150166,https://github.com/technige/neotime,False
531739,click-plugins,1.020568676629955,https://github.com/click-contrib/click-plugins,False
21952,tablib,1.0204680212773385,,False
1751017,voila,1.0191251337528229,,False
388570,acme,1.0179609805352812,https://github.com/letsencrypt/letsencrypt,False
12579,addict,1.0148336108090008,https://github.com/mewwts/addict,False
23978,Chameleon,1.0114256508776491,https://github.com/malthe/chameleon,False
11921,rfc3986,1.0108266991975503,,False
1086828,hyperlink,1.0086645384315889,https://github.com/python-hyper/hyperlink,False
11838,rethinkdb,1.007809952291791,https://github.com/RethinkDB/rethinkdb-python,False
76325,Events,1.0068665381025903,https://github.com/pyeve/events,False
157161,pyftpdlib,1.0064726423472166,https://github.com/giampaolo/pyftpdlib,False
2340110,opentelemetry-api,1.006374968588352,https://github.com/open-telemetry/opentelemetry-python,False
927739,grpc-google-iam-v1,1.0054087707088912,https://github.com/googleapis/googleapis,False
32077,twilio,1.003838338702917,https://github.com/twilio/twilio-python,False
1117001,UW-RestClients-Core,1.003724239137955,https://github.com/uw-it-aca/uw-restclients-core,False
36984,venusian,1.002378433813803,,False
9101,pyxdg,1.002181218547996,,False
691253,django-treebeard,0.9989440161545644,https://github.com/django-treebeard/django-treebeard,False
1129101,mecab-python3,0.99799175709486,https://github.com/SamuraiT/mecab-python3,False
993751,iotile-core,0.996392074599862,https://github.com/iotile/coretools,False
72748,ed25519,0.9959479924291372,https://github.com/warner/python-ed25519,False
1095283,mo-dots,0.995444710197315,https://github.com/klahnakoski/mo-dots,False
92963,geojson,0.9946962255984544,https://github.com/jazzband/geojson,False
915152,Telethon,0.9916197618469595,https://github.com/LonamiWebs/Telethon,False
691360,python-twitter,0.9905538499704564,https://github.com/bear/python-twitter,False
105842,isoweek,0.989017721489654,https://github.com/gisle/isoweek,False
1089645,torchvision,0.9884387482888995,https://github.com/pytorch/vision,False
388112,setuptools_scm,0.9881339926475222,https://github.com/pypa/setuptools_scm,False
523105,jsonpath-rw,0.9875310209346936,https://github.com/kennknowles/python-jsonpath-rw,False
529916,click-log,0.9866413487360548,https://github.com/click-contrib/click-log,False
31256,colorful,0.9854999184957706,https://github.com/timofurrer/colorful,False
803012,environs,0.9814654283807612,https://github.com/sloria/environs,False
85727,FormEncode,0.9811241622640826,,False
426519,awesome-slugify,0.9807262685906608,https://github.com/dimka665/awesome-slugify,False
76427,execnet,0.9804695418274758,,False
29974,trollius,0.9790567346717544,https://github.com/jamadden/trollius,False
1719745,tap-framework,0.9787500329315664,,False
17791,beancount,0.9787500202655792,,False
2306118,backwork,0.9787499696016312,https://github.com/ibm/backwork,False
474124,PTable,0.9771040188621556,https://github.com/kxxoling/PTable,False
145685,parsedatetime,0.9745339428176522,https://github.com/bear/parsedatetime,False
161592,pynetworktables,0.9736889833948226,https://github.com/robotpy/pynetworktables,False
1434963,cloudtoken,0.9722924580457868,https://bitbucket.org/atlassian/cloudtoken,False
2018283,tutor-openedx,0.9691874343901872,,False
425509,django-redis,0.9681849785149096,https://github.com/niwibe/django-redis,False
484891,pytest-xdist,0.968051373733534,https://github.com/pytest-dev/pytest-xdist,False
37768,dateandtime,0.9670544152846562,https://github.com/a-tal/dateandtime,False
37870,ddate,0.9670544077642262,https://github.com/a-tal/ddate,False
26412,CircularDependencyB,0.9670543998479844,https://github.com/msabramo/CircularDependencyB,False
26411,CircularDependencyA,0.9670543998479844,https://github.com/msabramo/CircularDependencyA,False
24261,terminado,0.9638269262431166,https://github.com/jupyter/terminado,False
453769,coreapi,0.9587887075875188,https://github.com/core-api/python-client,False
841558,graphene-django,0.9559404314379208,https://github.com/graphql-python/graphene-django,False
24360,testfixtures,0.9547376714384882,https://github.com/Simplistix/testfixtures,False
629375,zope.event,0.953794848040599,https://github.com/zopefoundation/zope.event,False
145475,pamqp,0.9525761276396224,,False
108390,jsonref,0.9516102068247618,https://github.com/gazpachoking/jsonref,False
9314,qiniu,0.9512728697620332,https://github.com/qiniu/python-sdk,False
699642,dbus-python,0.9511817836404098,,False
162953,PyOpenGL,0.9505301736969588,,False
5972,pyudev,0.949269436072791,,False
37960,deepdiff,0.9486527706678146,https://github.com/seperman/deepdiff,False
537576,channels,0.9460415982408448,https://github.com/django/channels,False
489204,u-msgpack-python,0.9445128547701076,https://github.com/vsergeev/u-msgpack-python,False
565235,zc.recipe.egg,0.94431774325476,,False
22526,blist,0.9437186625553295,,False
92955,geoip2,0.9432550496181648,,False
20643,stripe,0.9432455503812625,https://github.com/stripe/stripe-python,False
1129973,dogpile.core,0.9416392244332412,https://bitbucket.org/zzzeek/dogpile.core,False
507451,fasteners,0.9400304857067228,https://github.com/harlowja/fasteners,False
1860525,anyio,0.9392965140752494,,False
438768,scikit-image,0.9389330119738588,https://github.com/scikit-image/scikit-image,False
2007175,trytond-party,0.938654788463378,https://hg.tryton.org/modules/party,False
10553,readchar,0.93748800502799,https://github.com/magmax/python-readchar,False
5748,pytimeparse,0.9370224062891792,https://github.com/wroberts/pytimeparse,False
52759,zerorpc,0.9357030128594488,https://github.com/0rpc/zerorpc-python,False
12701,aioamqp,0.93540878277272,https://github.com/polyconseil/aioamqp,False
24477,textblob,0.9326649273949442,https://github.com/sloria/TextBlob,False
9094,PyXB,0.931473037879914,,False
2235453,pycopy-cpython-micropython,0.9282533202320338,https://github.com/pfalcon/pycopy-lib,False
1269937,ssh2-python,0.9243138404563068,https://github.com/ParallelSSH/ssh2-python,False
103836,ijson,0.9221995391501464,https://github.com/ICRAR/ijson,False
19006,spotipy,0.9220294810133056,,False
937630,pytzdata,0.9215872874105115,https://github.com/sdispater/pytzdata,False
1945612,setuptools-scm,0.9202681207563728,https://github.com/pypa/setuptools_scm,False
17945,bidict,0.9197302881409996,https://github.com/jab/bidict,False
156907,PyExecJS,0.9189426385244588,https://github.com/doloopwhile/PyExecJS,False
86233,fusepy,0.9178234953637002,https://github.com/fusepy/fusepy,False
38022,demjson,0.9176396010956523,,False
50122,XBlock,0.9160905678232668,https://github.com/edx/XBlock,False
12449,rpyc,0.9133887474425136,,False
1167513,ffmpeg-python,0.9105487206725228,https://github.com/kkroening/ffmpeg-python,False
2399688,async-timeout,0.906621706975016,https://github.com/aio-libs/async_timeout,False
1961692,tbtrim,0.9048221055418252,https://github.com/gousaiyang/tbtrim,False
1733257,sniffio,0.90478516633832,https://github.com/python-trio/sniffio,False
29719,traits,0.9038039391918574,,False
52137,xxhash,0.9027031388365924,https://github.com/ifduyue/python-xxhash,False
541444,django-jsonfield,0.9009301389030042,https://github.com/adamchainz/django-jsonfield,False
738859,backports.os,0.899090420784831,https://github.com/pjdelport/backports.os,False
157159,pyftdi,0.8968920059545781,https://github.com/eblot/pyftdi,False
385806,py-cpuinfo,0.8961227323845378,https://github.com/workhorsy/py-cpuinfo,False
509697,lazy-object-proxy,0.89554890666675,https://github.com/ionelmc/python-lazy-object-proxy,False
490595,trytond_company,0.8947277876749815,,False
430821,rpi_ws281x,0.8946713559067575,https://github.com/rpi-ws281x/rpi-ws281x-python,False
156779,pyee,0.894585535582155,https://github.com/jfhbrook/pyee,False
1646744,gnuhealth,0.8944785475730896,,False
1087952,pyarrow,0.8923053538087067,,False
546716,python-engineio,0.8915433889371343,https://github.com/miguelgrinberg/python-engineio,False
1157444,apache-airflow,0.8910365070216358,,False
462245,python-stdnum,0.8896519958410984,,False
2088577,aws-cdk.aws-s3,0.8871179105107496,https://github.com/aws/aws-cdk,False
151305,py2neo,0.8865721901063808,,False
1228869,dramatiq,0.8863652775529772,https://github.com/Bogdanp/dramatiq,False
102680,htmlmin,0.8861661520459166,,False
150534,PuLP,0.8860356666147708,https://github.com/coin-or/pulp,False
2427150,prompt-toolkit,0.8857813477990665,https://github.com/prompt-toolkit/python-prompt-toolkit,False
1954479,pre-commit,0.8828492219210603,https://github.com/pre-commit/pre-commit,False
27390,Theano,0.8827071392326616,,False
31250,colorconsole,0.8799373991787434,https://github.com/lskbr/colorconsole,False
506822,jupyter_client,0.8799172374812742,,False
553,pyotp,0.8798261609394104,https://github.com/pyotp/pyotp,False
496026,cassandra-driver,0.8794673934928141,https://github.com/datastax/python-driver,False
468369,python-memcached,0.8782942357325737,https://github.com/linsomniac/python-memcached,False
670376,infi.pyutils,0.875181712114727,https://github.com/Infinidat/infi.pyutils,False
699937,xarray,0.8725384329325607,https://github.com/pydata/xarray,False
540730,django-etc,0.8714378585107624,https://github.com/idlesign/django-etc,False
478235,ndg-httpsclient,0.8711984659296149,https://github.com/cedadev/ndg_httpsclient,False
5567,pytesseract,0.8710931160472682,https://github.com/madmaze/pytesseract,False
438595,django-taggit,0.8684089732530993,https://github.com/jazzband/django-taggit,False
149730,praw,0.867167791724205,,False
155625,PyContracts,0.8659724648023901,https://github.com/andreacensi/contracts,False
15785,autopep8,0.8648702350154054,https://github.com/hhatto/autopep8,False
73150,enum,0.8634804745321163,,False
744688,cloudshell-automation-api,0.8598363204262569,,False
45636,webcolors,0.8597354894969612,https://github.com/ubernostrum/webcolors,False
970434,dxlclient,0.8589330192655326,,False
26688,cmd2,0.8588789006980531,https://github.com/python-cmd2/cmd2,False
885594,cs.ansi_colour,0.8588515311201411,https://bitbucket.org/cameron_simpson/css,False
556915,OpenFisca-Core,0.8588384993374348,https://github.com/openfisca/openfisca-core,False
612903,python-can,0.8576670475304127,https://github.com/hardbyte/python-can,False
658008,click-default-group,0.8572231127409395,https://github.com/sublee/click-default-group,False
1740988,azureml-core,0.8550632245838642,,False
15603,astunparse,0.854595320251974,https://github.com/simonpercivall/astunparse,False
156795,pyelftools,0.8542035538145119,https://github.com/eliben/pyelftools,False
2007172,trytond-product,0.8527891999378656,https://hg.tryton.org/modules/product,False
1602995,fedora-messaging,0.8512500405311585,https://github.com/fedora-infra/fedora-messaging,False
472013,stomp.py,0.8498606983222998,https://github.com/jasonrbriggs/stomp.py,False
1113427,delegator.py,0.8495517610950629,https://github.com/kennethreitz/delegator,False
101776,holidays,0.8483668977394699,https://github.com/dr-prodigy/python-holidays,False
835274,MongoFrames,0.8452538463054223,https://github.com/GetmeUK/MongoFrames,False
394624,twitter.common.dirutil,0.8449423619284062,https://github.com/twitter/commons,False
2007159,trytond-company,0.8438220941820459,https://hg.tryton.org/modules/company,False
144422,orderedmultidict,0.8432910296658519,https://github.com/gruns/orderedmultidict,False
2088574,aws-cdk.aws-lambda,0.8427429934389628,https://github.com/aws/aws-cdk,False
483195,Products.CMFPlone,0.8418258284231184,,False
149539,portend,0.8411252772789339,https://github.com/jaraco/portend,False
103066,i3ipc,0.8407072830013931,https://github.com/altdesktop/i3ipc-python,False
23498,bunch,0.839700802075049,https://github.com/dsc/bunch,False
1246079,pyecharts,0.8383382958651054,https://github.com/pyecharts/pyecharts,False
38033,DendroPy,0.8382984228432179,,False
31551,contextvars,0.8358287706971169,https://github.com/MagicStack/contextvars,False
874084,toga-core,0.8355747701600194,,False
886205,cs.lex,0.8347158662975743,https://bitbucket.org/cameron_simpson/css,False
2133562,monkey.ioc,0.8326562702655792,https://bitbucket.org/monkeytechnologies/monkey-ioc,False
18695,SPARQLWrapper,0.8323436158881122,https://github.com/rdflib/sparqlwrapper,False
35081,croniter,0.8315261354524409,https://github.com/kiorky/croniter,False
733796,diskcache,0.8310892705161081,,False
1126774,diff-match-patch,0.8309100363271612,https://github.com/diff-match-patch-python/diff-match-patch,False
614921,distributed,0.8303356461226941,,False
2276288,NlpToolkit-Math,0.8302758606849237,https://github.com/olcaytaner/Math-Py,False
433910,python-jenkins,0.8300278658047319,,False
1372785,datasette,0.8299999848008156,https://github.com/simonw/datasette,False
85112,forbiddenfruit,0.8299637426622212,https://github.com/clarete/forbiddenfruit,False
722290,boolean.py,0.8289477278478444,https://github.com/bastikr/boolean.py,False
2354601,mypy-extensions,0.8267659870651368,,False
2029055,large-image,0.8246702462143731,https://github.com/girder/large_image,False
477166,yapf,0.8245668391593435,,False
75966,ephem,0.8237084038488774,,False
17981,binaryornot,0.8228925059715537,https://github.com/audreyr/binaryornot,False
31334,CommonMark,0.8216442206059561,https://github.com/rtfd/CommonMark-py,False
1087821,pastel,0.8208344305538048,https://github.com/sdispater/pastel,False
901643,google-cloud-logging,0.8204896649240937,https://github.com/googleapis/google-cloud-python,False
544168,cx_Oracle,0.8193951845169067,https://github.com/oracle/python-cx_Oracle,False
532520,django-sekizai,0.8187121160495281,https://github.com/ojii/django-sekizai,False
149489,pony,0.8180245663970709,,False
622319,mercurial_extension_utils,0.8178569257259369,https://bitbucket.org/Mekk/mercurial-extension_utils,False
46415,WebTest,0.8173512556463719,,False
42078,dpkt,0.8159514736384154,,False
1244463,pulpcore-plugin,0.8135338470339775,,False
667199,python-vlc,0.812854639813304,,False
1745215,rcsb.utils.io,0.8128507271900747,https://github.com/rcsb/py-rcsb_utils_io,False
31149,codecov,0.8123640593146377,https://github.com/codecov/codecov-python,False
384985,python-igraph,0.8118749023647979,,False
1085669,beautifultable,0.8118704482913017,https://github.com/pri22296/beautifultable,False
13031,anyconfig,0.8112853913102299,https://github.com/ssato/python-anyconfig,False
11922,rfc3987,0.8111624802233818,,False
2430137,boto3-stubs,0.8110927750584577,https://github.com/vemel/mypy_boto3,False
153454,pyblake2,0.8107471485513884,https://github.com/dchest/pyblake2,False
1126843,setuptools-git,0.8080004184972495,https://github.com/msabramo/setuptools-git,False
1689,pyqtgraph,0.8068207345902919,,False
17760,bcdoc,0.8065275879873387,https://github.com/botocore/bcdoc,False
388330,Flask-Compress,0.8056265575399447,https://github.com/libwilliam/flask-compress,False
698907,service_identity,0.804283395310631,,False
494091,flatbuffers,0.8040882299654186,https://github.com/google/flatbuffers,False
733751,dj-database-url,0.8038502522977069,https://github.com/kennethreitz/dj-database-url,False
136833,mozinfo,0.8026324818914873,,False
511756,Js2Py,0.8015580509910782,https://github.com/PiotrDabkowski/Js2Py,False
19441,sseclient,0.7984737201128155,https://github.com/btubbs/sseclient,False
16379,simpleeval,0.7981399121934211,https://github.com/danthedeckie/simpleeval,False
12873,altgraph,0.797609716542663,,False
922503,z3-solver,0.7966912134834275,https://github.com/Z3Prover/z3,False
1701767,PySimpleGUI,0.796609688406377,https://github.com/PySimpleGUI/PySimpleGUI,False
72623,easydict,0.7951065680012107,https://github.com/makinacorpus/easydict,False
15623,asyncssh,0.7950183652341366,,False
504579,txaio,0.794750114379714,https://github.com/crossbario/txaio,False
1264734,robotframework-seleniumlibrary,0.7929377649095841,https://github.com/robotframework/SeleniumLibrary,False
141096,npyscreen,0.7922971851767215,,False
523809,pyramid_debugtoolbar,0.7919650741099759,,False
46677,whitenoise,0.7919074753299357,,False
941931,pykeepass,0.7912826431915164,https://github.com/pschmitt/pykeepass,False
1960850,trytond-stock,0.7910016003376054,https://hg.tryton.org/modules/stock,False
444194,palettable,0.7908829197811428,https://github.com/jiffyclub/palettable,False
1385822,milksnake,0.7900803063646891,,False
1153300,sphinxcontrib-websupport,0.7893705637766728,,False
134333,mmh3,0.789281490072608,,False
146139,pdfrw,0.7883190797115726,https://github.com/pmaupin/pdfrw,False
101663,hjson,0.7828585951705463,https://github.com/hjson/hjson-py,False
108247,jsmin,0.780383302968039,https://github.com/tikitu/jsmin,False
